City_ID,City,Country,Date,Lat,Lng,Max Temp,Humidity,Cloudiness,Wind Speed
0,Punta Arenas,CL,2021-10-05 19:52:59,-53.15,-70.9167,50.11,43,0,23.02
1,Midland,US,2021-10-05 19:50:59,31.9974,-102.0779,90.05,20,75,5.75
2,Pevek,RU,2021-10-05 19:53:00,69.7008,170.3133,27.95,93,100,19.22
3,Obigarm,TJ,2021-10-05 19:53:00,38.7173,69.7088,54.32,34,0,3.44
4,Hithadhoo,MV,2021-10-05 19:53:00,-0.6,73.0833,83.52,76,99,18.19
5,Victoria,HK,2021-10-05 19:53:01,22.2855,114.1577,84.38,74,3,11.01
6,Busselton,AU,2021-10-05 19:53:02,-33.65,115.3333,39.04,70,83,4.59
7,Gevrai,IN,2021-10-05 19:53:02,19.2667,75.75,78.89,82,90,2.55
8,Airai,TL,2021-10-05 19:53:02,-8.9266,125.4092,59.56,65,94,1.7
9,Sur,OM,2021-10-05 19:53:03,22.5667,59.5289,83.35,68,0,11.12
10,Esperance,AU,2021-10-05 19:53:03,-33.8667,121.9,49.84,68,97,11.03
11,Florianopolis,BR,2021-10-05 19:53:04,-27.6146,-48.5012,65.43,61,90,9.22
12,Russell,US,2021-10-05 19:53:05,32.3502,-85.1999,74.48,80,90,8.05
13,Dwarka,IN,2021-10-05 19:53:05,22.2394,68.9678,81.45,78,5,6.38
14,Souillac,MU,2021-10-05 19:51:49,-20.5167,57.5167,71.37,88,40,4.61
15,Faanui,PF,2021-10-05 19:53:06,-16.4833,-151.75,78.06,71,44,15.26
16,Mareeba,AU,2021-10-05 19:53:06,-17.0,145.4333,70.52,92,6,2.64
17,Mataura,NZ,2021-10-05 19:53:07,-46.1927,168.8643,49.48,96,100,5.17
18,Ushuaia,AR,2021-10-05 19:51:33,-54.8,-68.3,47.82,53,0,23.02
19,Butaritari,KI,2021-10-05 19:53:07,3.0707,172.7902,81.81,69,17,14.41
20,Tasiilaq,GL,2021-10-05 19:53:08,65.6145,-37.6368,26.87,80,21,5.84
21,Fortuna,US,2021-10-05 19:53:08,40.5982,-124.1573,73.42,66,1,3.0
22,Castro,BR,2021-10-05 19:53:08,-24.7911,-50.0119,65.39,84,93,8.72
23,Atuona,PF,2021-10-05 19:53:09,-9.8,-139.0333,78.21,76,74,22.12
24,Qaanaaq,GL,2021-10-05 19:53:10,77.484,-69.3632,27.72,92,100,5.5
25,Rikitea,PF,2021-10-05 19:51:05,-23.1203,-134.9692,74.37,78,48,19.82
26,Tete,MZ,2021-10-05 19:53:11,-16.1564,33.5867,87.89,40,0,7.0
27,Avarua,CK,2021-10-05 19:50:32,-21.2078,-159.775,77.05,73,29,18.41
28,New Norfolk,AU,2021-10-05 19:51:32,-42.7826,147.0587,47.71,55,100,3.0
29,Hilo,US,2021-10-05 19:51:16,19.7297,-155.09,80.8,79,90,4.61
30,Hobart,AU,2021-10-05 19:51:28,-42.8794,147.3294,48.06,62,75,5.01
31,Yellowknife,CA,2021-10-05 19:48:54,62.456,-114.3525,43.41,95,75,1.99
32,Pisco,PE,2021-10-05 19:53:13,-13.7,-76.2167,68.05,68,0,10.36
33,Puerto Ayora,EC,2021-10-05 19:51:34,-0.7393,-90.3518,75.16,83,68,7.0
34,Bluff,NZ,2021-10-05 19:53:14,-46.6,168.3333,49.8,95,100,7.85
35,Belfort,FR,2021-10-05 19:53:14,47.6333,6.8667,54.21,93,84,9.95
36,Bredasdorp,ZA,2021-10-05 19:53:14,-34.5322,20.0403,58.32,82,11,11.5
37,Quesnel,CA,2021-10-05 19:53:14,52.9999,-122.5029,39.7,93,90,5.75
38,East London,ZA,2021-10-05 19:53:15,-33.0153,27.9116,61.47,78,58,8.75
39,Gladstone,AU,2021-10-05 19:53:15,-23.85,151.25,57.13,72,0,2.3
40,Agua Verde,MX,2021-10-05 19:53:15,22.9,-106.05,85.68,70,1,6.55
41,Trinidad,BO,2021-10-05 19:53:16,-14.8333,-64.9,80.58,54,75,4.61
42,Khatanga,RU,2021-10-05 19:53:16,71.9667,102.5,29.03,98,100,8.97
43,Korla,CN,2021-10-05 19:53:16,41.7597,86.1469,53.49,46,0,4.59
44,Saint-Philippe,RE,2021-10-05 19:53:17,-21.3585,55.7679,69.39,84,22,5.68
45,Oksfjord,NO,2021-10-05 19:53:17,70.2396,22.3479,53.67,77,46,8.61
46,Lahat,ID,2021-10-05 19:53:17,-3.8,103.5333,69.01,94,95,2.75
47,Pangnirtung,CA,2021-10-05 19:53:18,66.1451,-65.7125,41.0,56,90,11.5
48,Paramonga,PE,2021-10-05 19:53:18,-10.6667,-77.8333,66.24,76,77,11.74
49,Tuktoyaktuk,CA,2021-10-05 19:51:28,69.4541,-133.0374,30.2,86,20,11.5
50,Sheridan,US,2021-10-05 19:53:18,44.8333,-106.9173,86.7,9,13,5.01
51,Bubaque,GW,2021-10-05 19:53:19,11.2833,-15.8333,83.44,69,100,2.33
52,Hofn,IS,2021-10-05 19:53:15,64.2539,-15.2082,39.6,64,100,9.4
53,Babushkin,RU,2021-10-05 19:53:19,51.7122,105.8647,40.68,73,33,1.43
54,Vaini,TO,2021-10-05 19:53:19,-21.2,-175.2,75.36,88,75,6.91
55,Norman Wells,CA,2021-10-05 19:53:20,65.282,-126.8329,30.24,86,75,6.91
56,Glendive,US,2021-10-05 19:53:20,47.1053,-104.7125,90.23,12,1,14.97
57,Trairi,BR,2021-10-05 19:49:48,-3.2778,-39.2689,81.12,75,56,14.5
58,Lingao,CN,2021-10-05 19:53:21,19.9103,109.6859,78.51,90,100,9.95
59,Hermanus,ZA,2021-10-05 19:53:22,-34.4187,19.2345,57.79,84,13,9.22
60,Vanavara,RU,2021-10-05 19:53:22,60.34,102.2797,25.16,92,73,3.85
61,Hirara,JP,2021-10-05 19:53:22,24.8,125.2833,82.22,80,25,21.63
62,Sao Jose Da Coroa Grande,BR,2021-10-05 19:53:23,-8.8978,-35.1478,77.18,75,55,6.87
63,Ust-Maya,RU,2021-10-05 19:53:23,60.4167,134.5333,26.51,95,94,3.53
64,Upernavik,GL,2021-10-05 19:53:23,72.7868,-56.1549,29.98,52,100,5.73
65,Coihaique,CL,2021-10-05 19:51:59,-45.5752,-72.0662,52.41,36,20,2.06
66,Cancun,MX,2021-10-05 19:50:25,21.1743,-86.8466,87.06,58,51,8.61
67,Waipawa,NZ,2021-10-05 19:53:24,-41.4122,175.5153,54.45,91,99,6.26
68,Carnarvon,AU,2021-10-05 19:52:22,-24.8667,113.6333,60.87,67,34,17.27
69,Albany,US,2021-10-05 19:49:25,42.6001,-73.9662,62.8,95,100,1.52
70,Jamestown,US,2021-10-05 19:50:11,42.097,-79.2353,74.52,76,40,4.0
71,Provideniya,RU,2021-10-05 19:53:24,64.3833,-173.3,37.51,93,90,6.71
72,Kaka,TM,2021-10-05 19:53:28,37.3482,59.6143,56.1,34,0,1.68
73,Tolaga Bay,NZ,2021-10-05 19:53:28,-38.3667,178.3,58.48,90,64,3.47
74,Tiksi,RU,2021-10-05 19:51:54,71.6872,128.8694,28.6,90,100,13.47
75,Vestmannaeyjar,IS,2021-10-05 19:53:29,63.4427,-20.2734,43.63,89,100,24.47
76,Yar-Sale,RU,2021-10-05 19:53:29,66.8333,70.8333,38.3,88,100,11.03
77,Roebourne,AU,2021-10-05 19:53:29,-20.7833,117.1333,72.37,29,0,14.52
78,Masaka,UG,2021-10-05 19:53:30,-0.3338,31.7341,66.67,72,99,3.29
79,Nome,US,2021-10-05 19:50:18,64.5011,-165.4064,42.87,93,90,16.11
80,Misratah,LY,2021-10-05 19:53:31,32.3754,15.0925,77.32,66,0,14.14
81,Rio Grande,BR,2021-10-05 19:50:19,-32.035,-52.0986,68.11,57,0,10.76
82,Lebu,CL,2021-10-05 19:53:31,-37.6167,-73.65,52.79,71,0,23.71
83,Baykit,RU,2021-10-05 19:53:32,61.67,96.37,26.65,95,51,3.4
84,Micheweni,TZ,2021-10-05 19:53:33,-4.9667,39.8333,76.5,79,11,12.88
85,Husavik,IS,2021-10-05 19:53:33,66.0449,-17.3389,39.11,78,100,3.8
86,Hakkari,TR,2021-10-05 19:53:34,37.5833,44.1667,42.87,45,2,4.59
87,Elko,US,2021-10-05 19:53:34,41.0002,-115.5012,76.75,18,21,7.0
88,Kapaa,US,2021-10-05 19:50:04,22.0752,-159.319,81.19,72,40,1.01
89,Mar Del Plata,AR,2021-10-05 19:53:35,-38.0023,-57.5575,71.62,57,0,13.0
90,Novoagansk,RU,2021-10-05 19:53:36,61.9449,76.6625,33.55,98,100,8.59
91,Araouane,ML,2021-10-05 19:53:36,18.9048,-3.5265,92.73,25,33,8.72
92,Ponta Do Sol,PT,2021-10-05 19:53:37,32.6667,-17.1,72.23,74,100,5.35
93,San Cristobal,VE,2021-10-05 19:53:00,7.7669,-72.225,80.78,66,91,5.5
94,Arraial Do Cabo,BR,2021-10-05 19:53:38,-22.9661,-42.0278,71.46,83,90,6.91
95,Chokurdakh,RU,2021-10-05 19:53:38,70.6333,147.9167,21.02,89,99,9.86
96,Nikolskoye,RU,2021-10-05 19:53:39,59.7035,30.7861,51.87,70,97,12.12
97,Kaitangata,NZ,2021-10-05 19:53:39,-46.2817,169.8464,52.41,95,100,12.03
98,Abu Kamal,SY,2021-10-05 19:53:39,34.4506,40.9171,74.14,24,0,6.55
99,Port Alfred,ZA,2021-10-05 19:53:40,-33.5906,26.891,61.05,78,54,13.85
100,Seredeyskiy,RU,2021-10-05 19:53:42,54.0507,35.2318,45.07,88,100,6.08
101,Ostrovnoy,RU,2021-10-05 19:52:19,68.0531,39.5131,47.26,89,100,28.72
102,Shelburne,CA,2021-10-05 19:53:42,44.0787,-80.2041,61.59,96,98,5.68
103,Torbay,CA,2021-10-05 19:53:43,47.6666,-52.7314,48.27,80,90,23.02
104,Northam,GB,2021-10-05 19:53:43,51.0333,-4.2167,57.65,79,3,21.74
105,Machachi,EC,2021-10-05 19:49:39,-0.5,-78.5667,62.1,82,100,2.82
106,Georgetown,MY,2021-10-05 19:52:33,5.4112,100.3354,78.73,90,40,3.0
107,Margate,GB,2021-10-05 19:53:44,51.3813,1.3862,55.69,74,66,1.99
108,San Carlos Del Zulia,VE,2021-10-05 19:53:45,9.0,-71.9135,88.18,65,99,6.33
109,Hami,CN,2021-10-05 19:53:45,42.8,93.45,55.58,21,15,4.76
110,Sao Filipe,CV,2021-10-05 19:53:45,14.8961,-24.4956,81.54,72,7,8.86
111,Clyde River,CA,2021-10-05 19:53:46,70.4692,-68.5914,34.03,100,90,11.5
112,Salalah,OM,2021-10-05 19:53:46,17.0151,54.0924,79.52,90,64,6.71
113,Kahului,US,2021-10-05 19:52:56,20.8947,-156.47,84.22,63,20,18.41
114,Chuy,UY,2021-10-05 19:53:47,-33.6971,-53.4616,63.84,58,0,7.16
115,Rio Bueno,CL,2021-10-05 19:53:47,-40.3167,-72.9667,53.74,36,16,8.55
116,Bengkulu,ID,2021-10-05 19:53:05,-3.8004,102.2655,74.43,90,100,3.71
117,Faya,SA,2021-10-05 19:53:48,18.3851,42.4509,68.11,42,100,7.43
118,Lagoa,PT,2021-10-05 19:53:48,39.05,-27.9833,71.94,87,55,10.22
119,Portoferraio,IT,2021-10-05 19:53:48,42.8115,10.3146,70.52,60,96,3.69
120,Necochea,AR,2021-10-05 19:53:49,-38.5473,-58.7368,69.04,56,100,8.9
121,Tuatapere,NZ,2021-10-05 19:51:20,-46.1333,167.6833,49.82,92,100,3.47
122,Bathsheba,BB,2021-10-05 19:51:48,13.2167,-59.5167,88.41,62,40,21.85
123,Beloha,MG,2021-10-05 19:53:49,-25.1667,45.05,65.05,73,0,8.81
124,Severo-Kurilsk,RU,2021-10-05 19:53:50,50.6789,156.125,42.69,85,38,23.64
125,Ilulissat,GL,2021-10-05 19:52:08,69.2167,-51.1,23.74,65,85,9.98
126,Ahipara,NZ,2021-10-05 19:53:50,-35.1667,173.1667,61.83,90,99,6.82
127,Dikson,RU,2021-10-05 19:53:50,73.5069,80.5464,36.52,95,100,19.51
128,Araguacu,BR,2021-10-05 19:53:51,-12.9306,-49.8264,96.22,31,55,4.25
129,Avera,US,2021-10-05 19:53:51,33.194,-82.5271,76.51,70,100,5.57
130,Narsaq,GL,2021-10-05 19:53:51,60.9167,-46.05,35.28,66,0,5.1
131,Turochak,RU,2021-10-05 19:53:52,52.2576,87.1224,39.7,93,100,2.68
132,Fuling,CN,2021-10-05 19:53:52,29.7022,107.3919,76.23,78,1,2.08
133,Leh,IN,2021-10-05 19:53:52,34.1667,77.5833,48.11,36,1,4.45
134,Gasa,PS,2021-10-05 19:53:53,31.5,34.4667,75.18,60,0,5.88
135,Xining,CN,2021-10-05 19:53:53,36.6167,101.7667,47.05,88,100,3.13
136,Penzance,GB,2021-10-05 19:53:53,50.1186,-5.5371,56.41,71,39,22.46
137,Tokur,RU,2021-10-05 19:53:54,53.1333,132.9,24.85,87,99,3.11
138,San Ramon De La Nueva Oran,AR,2021-10-05 19:50:34,-23.1322,-64.326,83.43,27,90,6.51
139,Rio Negro,BR,2021-10-05 19:53:54,-26.1058,-49.7975,56.64,88,100,4.12
140,Banda Aceh,ID,2021-10-05 19:53:55,5.5577,95.3222,79.65,79,100,10.63
141,Mount Gambier,AU,2021-10-05 19:53:55,-37.8333,140.7667,42.71,93,31,8.05
142,Alice Springs,AU,2021-10-05 19:50:43,-23.7,133.8833,62.15,29,4,5.75
143,Kirakira,SB,2021-10-05 19:53:55,-10.4544,161.9205,81.39,78,30,5.68
144,Codrington,AU,2021-10-05 19:53:56,-38.2667,141.9667,40.75,92,56,8.88
145,Klaksvik,FO,2021-10-05 19:53:56,62.2266,-6.589,43.72,76,98,10.49
146,Petropavlovsk-Kamchatskiy,RU,2021-10-05 19:53:57,53.0452,158.6483,28.99,74,20,8.95
147,San Quintin,MX,2021-10-05 19:52:59,30.4833,-115.95,74.5,65,12,10.92
148,Isangel,VU,2021-10-05 19:53:57,-19.55,169.2667,73.51,94,1,3.44
149,Guozhen,CN,2021-10-05 19:53:58,34.3659,107.359,53.19,97,100,1.88
150,Qujing,CN,2021-10-05 19:53:58,25.4833,103.7833,56.46,96,8,3.74
151,Coracora,PE,2021-10-05 19:53:58,-15.0333,-73.7833,55.29,61,100,6.98
152,Hasaki,JP,2021-10-05 19:53:59,35.7333,140.8333,66.49,86,6,10.36
153,Okmulgee,US,2021-10-05 19:53:59,35.6234,-95.9605,82.85,32,1,8.05
154,Arandis,NA,2021-10-05 19:53:59,-22.4167,14.9667,49.46,49,1,3.67
155,Itumbiara,BR,2021-10-05 19:53:59,-18.4192,-49.2153,95.38,29,51,3.51
156,Yanam,IN,2021-10-05 19:54:00,16.7333,82.2167,80.33,84,17,4.81
157,Flinders,AU,2021-10-05 19:52:03,-34.5833,150.8552,56.17,63,15,8.99
158,Port Elizabeth,ZA,2021-10-05 19:50:38,-33.918,25.5701,61.11,84,10,11.12
159,Makakilo City,US,2021-10-05 19:54:00,21.3469,-158.0858,82.62,66,90,0.0
160,Lazaro Cardenas,MX,2021-10-05 19:54:01,17.9583,-102.2,86.83,70,97,8.39
161,Gat,IL,2021-10-05 19:52:00,31.61,34.7642,73.81,65,0,4.34
162,Leningradskiy,RU,2021-10-05 19:54:01,69.3833,178.4167,29.97,98,100,8.77
163,Farah,AF,2021-10-05 19:54:02,32.5,62.5,66.31,14,0,2.17
164,Talnakh,RU,2021-10-05 19:52:30,69.4865,88.3972,33.57,100,100,5.26
165,Saint George,US,2021-10-05 19:49:41,37.1041,-113.5841,84.63,33,1,5.99
166,Kulhudhuffushi,MV,2021-10-05 19:54:03,6.6221,73.07,81.73,80,100,18.92
167,Sacramento,US,2021-10-05 19:53:16,38.4666,-121.3177,88.07,33,1,14.97
168,Endicott,US,2021-10-05 19:49:27,42.0984,-76.0494,72.55,84,90,1.01
169,Miranda,CO,2021-10-05 19:54:03,3.2499,-76.2281,80.73,75,64,0.98
170,Colac,AU,2021-10-05 19:54:04,-38.3333,143.5833,45.84,96,18,3.33
171,Komsomolskiy,UZ,2021-10-05 19:54:04,40.4272,71.7189,59.72,36,96,6.91
172,Kaseda,JP,2021-10-05 19:54:04,31.4167,130.3167,70.43,80,0,5.39
173,Ribeira Grande,PT,2021-10-05 19:54:04,38.5167,-28.7,73.8,94,75,10.36
174,Saurimo,AO,2021-10-05 19:54:05,-9.6608,20.3916,65.61,92,13,2.91
175,Jining,CN,2021-10-05 19:54:05,35.405,116.5814,64.0,1,100,8.37
176,Torbat-E Jam,IR,2021-10-05 19:54:06,35.244,60.6225,58.08,24,0,9.24
177,General Pico,AR,2021-10-05 19:54:06,-35.6566,-63.7568,79.03,22,2,7.61
178,Rawson,AR,2021-10-05 19:54:06,-43.3002,-65.1023,47.8,64,89,32.88
179,Inhambane,MZ,2021-10-05 19:54:07,-23.865,35.3833,71.58,94,40,0.0
180,Dryden,CA,2021-10-05 19:54:08,49.7833,-92.7503,73.69,46,1,13.8
181,Mahebourg,MU,2021-10-05 19:54:08,-20.4081,57.7,71.26,88,40,4.61
182,Bambous Virieux,MU,2021-10-05 19:51:26,-20.3428,57.7575,71.22,88,40,4.61
183,Pokosnoye,RU,2021-10-05 19:54:09,55.5258,101.0536,29.41,89,26,4.97
184,Yumen,CN,2021-10-05 19:54:09,40.2833,97.2,47.93,42,0,5.55
185,Podosinovets,RU,2021-10-05 19:54:10,60.2776,47.0659,36.14,89,53,5.14
186,Horsham,GB,2021-10-05 19:54:11,51.064,-0.3272,54.59,68,0,14.97
187,Isetskoye,RU,2021-10-05 19:54:11,56.4858,65.3226,29.77,85,79,3.47
188,Kruisfontein,ZA,2021-10-05 19:54:12,-34.0033,24.7314,58.89,92,0,6.8
189,Yerbogachen,RU,2021-10-05 19:53:45,61.2767,108.0108,26.53,96,87,5.55
190,Bossier City,US,2021-10-05 19:53:58,32.516,-93.7321,85.95,45,20,3.44
191,Saint Marys,US,2021-10-05 19:54:13,30.7305,-81.5465,89.06,70,1,7.0
192,Chapaevsk,RU,2021-10-05 19:54:13,52.9813,49.7112,42.01,50,99,2.64
193,Los Llanos De Aridane,ES,2021-10-05 19:54:14,28.6585,-17.9182,69.55,74,75,14.97
194,Chimbote,PE,2021-10-05 19:52:27,-9.0853,-78.5783,66.9,76,60,12.55
195,Kastamonu,TR,2021-10-05 19:54:15,41.5,33.6667,46.31,85,98,3.13
196,Bayanday,RU,2021-10-05 19:54:15,53.0661,105.5139,31.66,88,90,1.7
197,Morada Nova,BR,2021-10-05 19:51:38,-5.1067,-38.3725,92.98,36,91,9.28
198,Killybegs,IE,2021-10-05 19:54:16,54.6333,-8.45,46.45,78,95,10.56
199,Cap Malheureux,MU,2021-10-05 19:54:16,-19.9842,57.6142,71.47,79,49,1.01
200,Barrow,US,2021-10-05 19:54:16,71.2906,-156.7887,26.62,80,90,13.8
201,Muros,ES,2021-10-05 19:54:18,42.7762,-9.0603,63.23,90,6,5.39
202,Yichun,CN,2021-10-05 19:54:18,47.7,128.9,34.63,92,0,2.59
203,Cherskiy,RU,2021-10-05 19:52:13,68.75,161.3,6.67,98,98,2.93
204,Ahuimanu,US,2021-10-05 19:54:19,21.4447,-157.8378,83.79,63,20,10.36
205,Labuhan,ID,2021-10-05 19:54:19,-6.8844,112.2051,77.74,76,66,15.28
206,Porosozero,RU,2021-10-05 19:54:19,62.7191,32.727,47.57,77,100,12.33
207,Port Hardy,CA,2021-10-05 19:54:20,50.6996,-127.4199,48.38,87,90,5.75
208,Nemuro,JP,2021-10-05 19:54:20,43.3236,145.575,48.97,80,100,4.61
209,Grafton,US,2021-10-05 19:54:20,42.207,-71.6856,59.76,85,100,4.88
210,San Fernando,PH,2021-10-05 19:54:21,15.0286,120.6898,78.82,98,100,4.94
211,Kieta,PG,2021-10-05 19:54:21,-6.2167,155.6333,79.14,83,100,1.79
212,Ushtobe,KZ,2021-10-05 19:54:21,45.2514,77.9838,41.72,36,100,5.41
213,Vao,NC,2021-10-05 19:54:22,-22.6667,167.4833,71.28,90,20,2.82
214,Kavaratti,IN,2021-10-05 19:54:22,10.5669,72.642,81.27,82,98,14.9
215,Gold Coast,AU,2021-10-05 19:54:22,-28.0,153.4333,59.29,79,0,1.01
216,Grand Gaube,MU,2021-10-05 19:54:23,-20.0064,57.6608,71.38,79,35,1.01
217,Cidreira,BR,2021-10-05 19:54:25,-30.1811,-50.2056,61.34,53,0,8.46
218,Plettenberg Bay,ZA,2021-10-05 19:54:25,-34.0527,23.3716,57.31,88,0,4.85
219,Darnah,LY,2021-10-05 19:54:25,32.767,22.6367,71.51,65,0,21.36
220,Lixourion,GR,2021-10-05 19:54:25,38.2019,20.4314,68.47,62,0,4.03
221,Longyearbyen,SJ,2021-10-05 19:52:24,78.2186,15.6401,33.85,89,98,9.73
222,Cape Town,ZA,2021-10-05 19:50:18,-33.9258,18.4232,62.28,66,0,3.0
223,Eatonton,US,2021-10-05 19:54:26,33.3268,-83.3885,73.78,96,100,6.13
224,Abu Samrah,SY,2021-10-05 19:54:26,35.3029,37.1841,65.64,53,0,6.2
225,Lompoc,US,2021-10-05 19:53:31,34.6391,-120.4579,83.21,46,1,5.75
226,Ceres,US,2021-10-05 19:54:27,37.5949,-120.9577,89.51,14,58,5.06
227,Monte Alegre De Sergipe,BR,2021-10-05 19:54:27,-10.0272,-37.5622,84.43,44,56,15.32
228,Egvekinot,RU,2021-10-05 19:52:33,66.3167,-179.1667,28.72,92,100,11.97
229,Kodiak,US,2021-10-05 19:51:51,57.79,-152.4072,44.33,94,100,3.24
230,Jumla,NP,2021-10-05 19:54:18,29.2747,82.1838,57.07,80,58,0.09
231,Isabela,PH,2021-10-05 19:54:28,6.7085,121.9711,78.12,87,100,1.32
232,Half Moon Bay,US,2021-10-05 19:54:28,37.4636,-122.4286,81.59,67,40,1.01
233,Lexington,US,2021-10-05 19:54:28,37.9887,-84.4777,78.42,64,100,1.01
234,Nanortalik,GL,2021-10-05 19:54:30,60.1432,-45.2371,38.17,77,0,8.37
235,Guaimaca,HN,2021-10-05 19:54:30,14.5333,-86.8167,83.8,54,90,2.77
236,Agadez,NE,2021-10-05 19:54:30,19.75,10.25,83.77,15,4,9.15
237,Bethel,US,2021-10-05 19:51:15,41.3712,-73.414,65.01,84,90,5.75
238,Iqaluit,CA,2021-10-05 19:54:31,63.7506,-68.5145,40.73,80,75,17.0
239,Katsuura,JP,2021-10-05 19:54:31,35.1333,140.3,70.2,82,99,13.58
240,Doka,SD,2021-10-05 19:54:32,13.5167,35.7667,76.98,81,93,6.51
241,Merauke,ID,2021-10-05 19:54:32,-8.4667,140.3333,73.44,90,100,9.66
242,Sitka,US,2021-10-05 19:54:32,57.0531,-135.33,47.88,56,0,4.03
243,Ancud,CL,2021-10-05 19:54:32,-41.8697,-73.8203,53.13,48,1,8.25
244,Bentiu,SS,2021-10-05 19:54:33,9.2333,29.8333,77.65,77,100,5.12
245,Nanakuli,US,2021-10-05 19:54:33,21.3906,-158.1547,84.04,69,90,0.0
246,Larsnes,NO,2021-10-05 19:54:33,62.2028,5.5773,54.61,84,100,0.36
247,Neftekumsk,RU,2021-10-05 19:54:34,44.6667,44.9167,50.97,67,100,21.14
248,Genc,TR,2021-10-05 19:54:34,38.7507,40.5603,55.56,37,100,3.42
249,Seoul,KR,2021-10-05 19:53:48,37.5683,126.9778,71.11,91,75,3.44
250,Rambouillet,FR,2021-10-05 19:54:35,48.5833,1.9167,52.86,89,6,13.15
251,Gunjur,GM,2021-10-05 19:54:35,13.2019,-16.7339,80.67,94,75,0.0
252,Yarada,IN,2021-10-05 19:52:54,17.65,83.2667,80.92,94,40,2.3
253,Saskylakh,RU,2021-10-05 19:54:36,71.9167,114.0833,22.75,95,100,7.36
254,Nicolas Bravo,MX,2021-10-05 19:54:36,18.45,-88.9167,90.14,50,54,5.59
255,Port Augusta,AU,2021-10-05 19:54:36,-32.5,137.7667,48.34,25,0,6.46
256,Aswan,EG,2021-10-05 19:54:37,24.0934,32.907,85.3,28,0,9.22
257,Broken Hill,AU,2021-10-05 19:54:37,-31.95,141.4333,46.11,31,0,6.91
258,Lorengau,PG,2021-10-05 19:51:24,-2.0226,147.2712,80.22,80,100,5.68
259,Chara,RU,2021-10-05 19:54:38,56.9064,118.2631,26.19,68,17,1.88
260,Marshfield,US,2021-10-05 19:54:38,44.6689,-90.1718,69.94,58,15,6.55
261,Ngunguru,NZ,2021-10-05 19:54:38,-35.6167,174.5,61.16,85,100,5.48
262,Marzuq,YE,2021-10-05 19:54:38,14.4,46.4667,81.52,47,3,3.18
263,Alzamay,RU,2021-10-05 19:54:39,55.5562,98.6644,31.96,88,68,0.72
264,Aklavik,CA,2021-10-05 19:54:39,68.2191,-135.0107,31.03,77,10,14.65
265,Manyoni,TZ,2021-10-05 19:54:40,-5.7467,34.8382,72.59,40,6,10.76
266,Narrabri,AU,2021-10-05 19:54:40,-30.3167,149.7833,48.29,61,0,8.05
267,Murgab,TM,2021-10-05 19:54:41,37.4966,61.9714,53.47,50,2,6.91
268,Kineta,GR,2021-10-05 19:54:41,37.9709,23.2183,68.61,62,0,4.97
269,Marsa Matruh,EG,2021-10-05 19:54:42,31.3525,27.2453,71.24,65,0,7.99
270,Tura,IN,2021-10-05 19:54:43,25.5198,90.2201,71.82,93,2,2.89
271,Wete,TZ,2021-10-05 19:54:43,-5.0559,39.7294,74.91,80,7,9.8
272,Syasstroy,RU,2021-10-05 19:54:44,60.1367,32.5691,47.26,73,74,15.1
273,Vavoua,CI,2021-10-05 19:54:44,7.3819,-6.4778,74.68,88,82,2.13
274,La Ronge,CA,2021-10-05 19:54:44,55.1001,-105.2842,50.25,37,90,17.27
275,Buckeye,US,2021-10-05 19:54:45,33.3703,-112.5838,87.93,46,62,9.22
276,Ulaanbaatar,MN,2021-10-05 19:50:08,47.9077,106.8832,46.53,29,75,15.66
277,Pierre,US,2021-10-05 19:54:46,44.3683,-100.351,86.27,29,6,3.0
278,Miyako,JP,2021-10-05 19:54:47,39.6367,141.9525,59.63,92,100,11.01
279,Nouadhibou,MR,2021-10-05 19:54:47,20.931,-17.0347,70.43,84,0,24.58
280,George,ZA,2021-10-05 19:54:47,-33.963,22.4617,54.95,94,0,2.3
281,Howick,ZA,2021-10-05 19:54:48,-29.4779,30.2306,53.02,98,100,1.57
282,Badami,IN,2021-10-05 19:54:48,15.915,75.6768,77.61,78,92,5.84
283,Gornyak,RU,2021-10-05 19:54:48,50.9942,81.4661,33.62,76,100,3.33
284,Karwar,IN,2021-10-05 19:54:49,14.8,74.1333,77.81,89,100,3.13
285,Verkhoyansk,RU,2021-10-05 19:54:49,67.5447,133.385,22.98,72,95,8.39
286,Port Lincoln,AU,2021-10-05 19:54:49,-34.7333,135.8667,56.17,65,73,8.01
287,Koygorodok,RU,2021-10-05 19:54:50,60.445,50.9968,35.2,94,77,4.21
288,Manta,EC,2021-10-05 19:54:50,-0.95,-80.7333,76.78,73,40,13.8
289,Bay Roberts,CA,2021-10-05 19:54:50,47.5999,-53.2648,49.03,75,100,5.99
290,Dubovyy Umet,RU,2021-10-05 19:54:51,52.9763,50.2857,40.89,52,100,3.65
291,Qasigiannguit,GL,2021-10-05 19:54:51,68.8193,-51.1922,24.49,71,87,7.76
292,South Lake Tahoe,US,2021-10-05 19:54:52,38.9332,-119.9844,72.82,29,9,5.99
293,Karratha,AU,2021-10-05 19:54:53,-20.7377,116.8463,71.82,28,0,15.37
294,Isla Mujeres,MX,2021-10-05 19:54:53,21.2311,-86.731,87.17,63,68,9.33
295,Geraldton,AU,2021-10-05 19:53:23,-28.7667,114.6,48.61,87,40,4.61
296,Santa Maria,BR,2021-10-05 19:54:54,-29.6842,-53.8069,70.9,43,0,9.22
297,Dongfeng,CN,2021-10-05 19:54:54,42.6403,125.5118,45.5,64,100,4.14
298,Pascagoula,US,2021-10-05 19:54:54,30.3658,-88.5561,82.04,77,27,2.77
299,Kibala,TD,2021-10-05 19:54:55,9.1104,18.3463,78.75,73,20,0.0
300,Tumen,CN,2021-10-05 19:54:55,42.9661,129.8425,42.44,83,100,2.39
301,Florence,IT,2021-10-05 19:52:56,43.7667,11.25,70.84,71,0,9.22
302,Road Town,VG,2021-10-05 19:54:56,18.4167,-64.6167,86.2,70,40,17.27
303,Verkhnyaya Inta,RU,2021-10-05 19:54:56,65.9811,60.3094,39.76,86,10,20.47
304,Roma,US,2021-10-05 19:52:04,43.2128,-75.4557,65.03,95,90,5.75
305,La Reforma,MX,2021-10-05 19:54:56,25.0833,-108.05,101.14,46,0,8.9
306,Presidente Dutra,BR,2021-10-05 19:54:57,-5.29,-44.49,97.65,28,100,4.47
307,Leogane,HT,2021-10-05 19:54:57,18.5108,-72.6339,87.44,54,90,4.85
308,Tveit,NO,2021-10-05 19:54:57,58.2337,8.122,56.62,88,75,10.36
309,Maniwaki,CA,2021-10-05 19:54:58,46.3834,-75.966,68.54,52,0,4.61
310,Port Hedland,AU,2021-10-05 19:54:58,-20.3167,118.5667,62.65,94,2,4.61
311,Eirunepe,BR,2021-10-05 19:54:59,-6.6603,-69.8736,76.14,91,100,2.06
312,Benjamin Aceval,PY,2021-10-05 19:55:00,-24.9667,-57.5667,82.6,46,78,5.28
313,Bereda,ES,2021-10-05 19:55:00,43.2686,-7.5406,56.95,99,100,1.05
314,Belmonte,BR,2021-10-05 19:54:19,-15.8631,-38.8828,81.1,77,76,9.71
315,Alenquer,BR,2021-10-05 19:55:00,-1.9417,-54.7383,89.94,35,100,7.38
316,Atambua,ID,2021-10-05 19:55:01,-9.1061,124.8925,71.76,82,39,2.71
317,Monte Santo,BR,2021-10-05 19:55:01,-10.4378,-39.3328,89.71,25,11,7.87
318,Pecos,US,2021-10-05 19:55:01,31.4229,-103.4932,88.05,19,1,4.61
319,Havre-Saint-Pierre,CA,2021-10-05 19:55:02,50.2334,-63.5986,57.56,67,40,14.97
320,Ballina,AU,2021-10-05 19:54:24,-28.8667,153.5667,53.56,58,0,5.75
321,Boyolangu,ID,2021-10-05 19:55:02,-8.1181,111.8935,73.47,89,98,7.54
322,Baruun-Urt,MN,2021-10-05 19:55:12,46.6806,113.2792,40.37,42,100,4.65
323,Gorontalo,ID,2021-10-05 19:55:12,0.5412,123.0595,73.69,90,87,2.42
324,Kismayo,SO,2021-10-05 19:55:13,-0.3582,42.5454,77.14,86,89,16.91
325,Anadyr,RU,2021-10-05 19:55:13,64.75,177.4833,32.5,100,90,8.01
326,Touros,BR,2021-10-05 19:55:14,-5.1989,-35.4608,85.1,73,63,16.04
327,Yining,CN,2021-10-05 19:52:46,29.0361,114.5636,69.89,96,1,2.53
328,Cairns,AU,2021-10-05 19:55:15,-16.9167,145.7667,75.15,90,40,4.61
329,Portland,US,2021-10-05 19:50:19,45.5234,-122.6762,58.77,93,90,1.01
330,Lasa,IT,2021-10-05 19:55:17,46.6166,10.7002,54.01,96,100,3.89
331,Cayenne,GF,2021-10-05 19:55:18,4.9333,-52.3333,87.84,76,20,4.0
332,Viransehir,TR,2021-10-05 19:55:18,37.2353,39.7631,65.17,23,0,7.11
333,Grindavik,IS,2021-10-05 19:55:18,63.8424,-22.4338,44.55,87,90,12.66
334,Nantucket,US,2021-10-05 19:54:39,41.2835,-70.0995,60.96,92,100,22.62
335,Orange,US,2021-10-05 19:55:19,33.7,-117.7675,87.67,58,3,1.01
336,Anuradhapura,LK,2021-10-05 19:55:19,8.3565,80.4173,76.55,85,100,9.1
337,Thompson,CA,2021-10-05 19:55:19,55.7435,-97.8558,53.76,37,75,6.91
338,Melfi,IT,2021-10-05 19:55:20,40.9965,15.6514,63.5,82,74,5.1
339,Chapais,CA,2021-10-05 19:52:57,49.7834,-74.8492,62.38,46,0,4.76
340,Canmore,CA,2021-10-05 19:55:20,51.0834,-115.3521,67.48,16,59,10.36
341,Vila Velha,BR,2021-10-05 19:55:20,-20.3297,-40.2925,76.95,78,0,13.8
342,Constantine,DZ,2021-10-05 19:55:21,36.365,6.6147,63.81,77,20,6.91
343,Ucluelet,CA,2021-10-05 19:52:15,48.9329,-125.5528,51.04,92,100,3.78
344,Koungou,YT,2021-10-05 19:55:21,-12.7336,45.2042,78.51,78,0,5.75
345,Nadym,RU,2021-10-05 19:55:22,65.5333,72.5167,37.9,89,100,9.95
346,Deyang,CN,2021-10-05 19:55:22,31.1302,104.382,62.13,97,100,5.23
347,Ekhabi,RU,2021-10-05 19:55:22,53.5102,142.9671,41.02,71,98,10.56
348,Harwich,GB,2021-10-05 19:55:23,51.9419,1.2844,55.54,78,97,15.99
349,Yavaros,MX,2021-10-05 19:55:23,26.7,-109.5167,100.45,37,8,11.95
350,Acapulco,MX,2021-10-05 19:51:33,16.8634,-99.8901,85.71,77,13,6.69
351,Siuna,NI,2021-10-05 19:55:24,13.7332,-84.7773,79.81,89,99,4.18
352,Kutum,SD,2021-10-05 19:55:24,14.2,24.6667,78.04,19,0,15.86
353,San Patricio,US,2021-10-05 19:55:24,28.017,-97.5169,91.92,26,0,8.97
354,Kenai,US,2021-10-05 19:55:25,60.5544,-151.2583,41.14,81,90,0.0
355,Hambantota,LK,2021-10-05 19:55:25,6.1241,81.1185,79.12,82,100,16.15
356,Sume,BR,2021-10-05 19:55:25,-7.6717,-36.88,89.67,25,95,10.78
357,Ambanja,MG,2021-10-05 19:55:27,-13.6833,48.45,73.27,87,75,1.52
358,Namatanai,PG,2021-10-05 19:54:09,-3.6667,152.4333,78.84,84,100,7.67
359,Quelimane,MZ,2021-10-05 19:55:27,-17.8786,36.8883,76.95,83,0,8.99
360,Sistranda,NO,2021-10-05 19:55:28,63.7256,8.834,52.9,83,97,3.11
361,Keti Bandar,PK,2021-10-05 19:55:28,24.1447,67.4497,80.2,83,3,8.08
362,Yulara,AU,2021-10-05 19:55:28,-25.2406,130.9889,71.44,23,86,5.75
363,Paka,MY,2021-10-05 19:55:28,4.6374,103.4368,75.13,94,100,0.0
364,Palana,RU,2021-10-05 19:55:29,59.1167,159.9667,31.39,89,100,18.99
365,Abay,KZ,2021-10-05 19:55:29,49.6311,72.8539,28.78,87,100,13.47
366,Ulladulla,AU,2021-10-05 19:55:29,-35.35,150.4667,53.1,74,15,5.08
367,Santa Vitoria Do Palmar,BR,2021-10-05 19:55:30,-33.5189,-53.3681,64.36,51,0,4.32
368,Davila,PH,2021-10-05 19:55:30,18.4726,120.5763,82.09,78,100,3.76
369,Ede,NL,2021-10-05 19:55:30,52.0333,5.6583,54.88,92,20,8.05
370,Bardiyah,LY,2021-10-05 19:55:31,31.7561,25.0865,71.13,63,0,8.66
371,Viedma,AR,2021-10-05 19:55:31,-40.8135,-62.9967,52.65,55,100,21.88
372,Booue,GA,2021-10-05 19:55:31,-0.0921,11.9385,73.22,97,100,1.54
373,Kelo,TD,2021-10-05 19:55:32,9.3086,15.8066,75.85,84,33,5.75
374,Wilmington,US,2021-10-05 19:51:30,34.2257,-77.9447,84.11,71,1,12.66
375,Tarija,BO,2021-10-05 19:55:13,-21.5355,-64.7296,76.91,50,100,6.91
376,Saint Stephen,GB,2021-10-05 19:55:32,50.3333,-4.9,57.38,71,20,23.02
377,Hobyo,SO,2021-10-05 19:55:32,5.3505,48.5268,78.94,84,2,18.5
378,Wajid,SO,2021-10-05 19:55:33,3.8093,43.2471,76.93,70,87,21.32
379,Yefremov,RU,2021-10-05 19:55:33,53.1481,38.0992,41.97,75,25,7.05
380,Minab,IR,2021-10-05 19:55:33,27.1467,57.0801,87.3,63,74,2.66
381,Luderitz,NA,2021-10-05 19:53:01,-26.6481,15.1594,57.54,78,0,7.4
382,Kaeo,NZ,2021-10-05 19:55:34,-35.1,173.7833,61.32,97,100,3.89
383,Verbilki,RU,2021-10-05 19:55:34,56.5333,37.6,48.87,84,37,6.42
384,Jaciara,BR,2021-10-05 19:55:34,-15.9653,-54.9683,83.82,56,95,8.77
385,Waverley,ZA,2021-10-05 19:55:35,-25.7023,28.2591,66.81,52,0,1.14
386,Saint-Pierre,RE,2021-10-05 19:55:35,-21.3393,55.4781,69.48,78,2,2.3
387,Noumea,NC,2021-10-05 19:51:03,-22.2763,166.4572,75.0,99,0,1.68
388,Dalianwan,CN,2021-10-05 19:55:35,39.0286,121.695,53.64,87,40,2.24
389,Batesville,US,2021-10-05 19:55:36,35.7698,-91.641,81.95,50,40,5.99
390,Dingle,PH,2021-10-05 19:55:36,10.9995,122.6711,74.16,96,100,1.68
391,Praya,CV,2021-10-05 19:53:04,14.9215,-23.5087,81.14,78,20,18.41
392,Beringovskiy,RU,2021-10-05 19:55:38,63.05,179.3167,34.43,87,100,16.75
393,Huarmey,PE,2021-10-05 19:55:38,-10.0681,-78.1522,68.4,74,44,12.75
394,Masuguru,TZ,2021-10-05 19:55:38,-11.3667,38.4167,77.92,55,17,8.61
395,Mount Isa,AU,2021-10-05 19:55:40,-20.7333,139.5,71.37,20,95,0.0
396,Asuncion,PY,2021-10-05 19:54:16,-25.3007,-57.6359,81.9,51,75,4.61
397,Salinas,US,2021-10-05 19:51:55,36.6777,-121.6555,82.0,66,1,5.75
398,Scottsbluff,US,2021-10-05 19:55:40,41.8666,-103.6672,88.79,16,1,10.0
399,Christchurch,NZ,2021-10-05 19:55:40,-43.5333,172.6333,54.03,93,90,1.01
400,Terrace,CA,2021-10-05 19:55:41,54.5163,-128.6035,52.43,65,40,16.11
401,Madimba,TZ,2021-10-05 19:55:41,-10.4,40.3333,72.95,87,7,5.91
402,Broome,US,2021-10-05 19:53:16,42.2506,-75.833,72.01,73,90,1.01
403,Sal Rei,CV,2021-10-05 19:55:41,16.1833,-22.9167,81.16,78,40,24.16
404,Atlantic City,US,2021-10-05 19:55:42,39.3643,-74.4229,68.14,87,100,13.94
405,Talakan,RU,2021-10-05 19:55:43,50.3167,130.3667,36.1,75,87,1.9
406,Farkhor,TJ,2021-10-05 19:55:43,37.4922,69.4036,65.28,31,0,3.85
407,Mizan Teferi,ET,2021-10-05 19:55:44,6.9833,35.5833,60.73,97,95,1.57
408,Port-Cartier,CA,2021-10-05 19:55:44,50.0334,-66.8654,57.42,58,64,5.41
409,Ajaccio,FR,2021-10-05 19:55:45,42.0,8.9167,64.45,94,90,3.44
410,Tezu,IN,2021-10-05 19:55:45,27.9167,96.1667,72.84,78,69,2.75
411,Plavinas,LV,2021-10-05 19:55:46,56.6178,25.7255,49.98,70,94,12.93
412,Sinnamary,GF,2021-10-05 19:52:31,5.3833,-52.95,84.27,69,85,9.04
413,Saint-Francois,FR,2021-10-05 19:55:47,46.4154,3.9054,49.44,85,0,3.44
414,Bolshevik,BY,2021-10-05 19:55:48,54.0065,27.5692,46.02,73,16,15.39
415,Sao Luis De Montes Belos,BR,2021-10-05 19:55:48,-16.525,-50.3722,89.78,34,87,2.73
416,Poum,NC,2021-10-05 19:55:49,-20.2333,164.0167,74.41,81,0,7.63
417,Sorong,ID,2021-10-05 19:53:19,-0.8833,131.25,79.11,83,100,8.68
418,Weiz,AT,2021-10-05 19:55:50,47.2167,15.6167,62.65,50,100,0.58
419,Kidal,ML,2021-10-05 19:55:50,18.4411,1.4078,91.99,15,12,9.64
420,Ambon,ID,2021-10-05 19:55:50,-3.6954,128.1814,77.14,88,20,6.91
421,Karlskrona,SE,2021-10-05 19:55:51,56.1616,15.5866,55.85,80,100,19.71
422,Olga,RU,2021-10-05 19:55:51,43.7444,135.2892,38.12,81,2,6.71
423,Along,IN,2021-10-05 19:55:51,28.1667,94.7667,67.73,94,15,1.5
424,Caravelas,BR,2021-10-05 19:55:51,-17.7125,-39.2481,77.77,77,83,10.47
425,Linares,CL,2021-10-05 19:55:52,-35.85,-71.6,67.26,35,100,9.82
426,Revda,RU,2021-10-05 19:55:52,56.801,59.9303,38.21,87,100,4.68
427,Boden,SE,2021-10-05 19:55:52,65.8252,21.6886,48.2,94,56,9.1
428,The Pas,CA,2021-10-05 19:55:53,53.8251,-101.2541,55.42,38,75,9.22
429,Mogadishu,SO,2021-10-05 19:51:51,2.0371,45.3438,78.06,89,62,19.33
430,Carbonear,CA,2021-10-05 19:55:53,47.7332,-53.2148,49.12,71,100,18.39
431,Virginia Beach,US,2021-10-05 19:51:57,36.8529,-75.978,88.02,70,75,1.99
432,Javanrud,IR,2021-10-05 19:55:53,34.7961,46.5172,55.04,22,0,4.52
433,Oktyabrskiy,RU,2021-10-05 19:55:54,54.4815,53.471,37.74,52,100,3.33
434,Puri,IN,2021-10-05 19:55:54,19.8,85.85,81.12,78,11,6.35
435,Kuusamo,FI,2021-10-05 19:55:16,65.9667,29.1833,46.44,93,90,12.66
436,Naze,JP,2021-10-05 19:55:55,28.3667,129.4833,76.96,72,71,17.56
437,Matara,LK,2021-10-05 19:55:55,5.9485,80.5353,77.29,89,100,10.4
438,Sinnar,SD,2021-10-05 19:55:55,13.5691,33.5672,87.1,40,12,8.28
439,Zemio,CF,2021-10-05 19:55:55,5.0314,25.1361,69.96,95,31,2.75
440,Kingman,US,2021-10-05 19:55:56,35.1894,-114.053,63.88,38,100,14.07
441,Barabai,ID,2021-10-05 19:55:56,-2.5833,115.3833,72.82,96,100,1.41
442,Volchikha,RU,2021-10-05 19:55:56,52.0333,80.3833,31.46,86,96,4.92
443,Roald,NO,2021-10-05 19:55:57,62.5833,6.1333,54.91,93,75,5.75
444,Maniitsoq,GL,2021-10-05 19:52:36,65.4167,-52.9,39.34,61,99,7.0
445,Fort Nelson,CA,2021-10-05 19:51:05,58.8053,-122.7002,36.99,65,75,3.44
446,Bima,ID,2021-10-05 19:55:57,-8.4667,118.7167,74.61,84,100,5.73
447,Navirai,BR,2021-10-05 19:51:46,-23.065,-54.1906,85.28,55,43,4.52
448,Zabaykalsk,RU,2021-10-05 19:55:58,49.6333,117.3167,37.69,47,100,5.79
449,Le Vauclin,MQ,2021-10-05 19:55:58,14.5452,-60.8388,87.85,62,40,17.27
450,Kavieng,PG,2021-10-05 19:55:58,-2.5744,150.7967,80.58,79,100,10.29
451,Awjilah,LY,2021-10-05 19:55:59,29.1081,21.2869,74.14,39,0,8.08
452,Santander Jimenez,MX,2021-10-05 19:55:59,24.2167,-98.4667,88.12,32,31,10.49
453,Mehamn,NO,2021-10-05 19:55:59,71.0357,27.8492,50.07,81,96,17.87
454,Nabire,ID,2021-10-05 19:56:00,-3.3667,135.4833,75.02,91,100,2.93
455,Atbasar,KZ,2021-10-05 19:56:00,51.8,68.3333,30.61,71,100,6.49
456,Havelock,US,2021-10-05 19:56:00,34.8791,-76.9013,84.94,67,43,7.0
457,Marawi,PH,2021-10-05 19:56:01,7.9986,124.2928,66.65,86,95,2.62
458,Marsh Harbour,BS,2021-10-05 19:56:02,26.5412,-77.0636,82.47,71,27,7.29
459,Penal,TT,2021-10-05 19:56:02,10.1667,-61.4667,89.53,73,8,10.87
460,San Pedro De Macoris,DO,2021-10-05 19:56:02,18.4616,-69.2972,89.73,65,93,12.5
461,Semnan,IR,2021-10-05 19:56:03,35.5729,53.3971,66.58,41,1,8.86
462,Luxor,EG,2021-10-05 19:56:03,25.6989,32.6421,80.65,39,0,4.61
463,Monrovia,LR,2021-10-05 19:55:10,6.3005,-10.7969,80.37,86,18,7.87
464,Braniewo,PL,2021-10-05 19:56:03,54.3797,19.8196,59.11,54,1,26.53
465,La Paz,BO,2021-10-05 19:56:04,-16.5,-68.15,51.78,71,75,9.22
466,Miacatlan,MX,2021-10-05 19:56:04,18.7667,-99.3667,86.67,69,68,2.28
467,Aksha,RU,2021-10-05 19:56:04,50.2814,113.2867,37.78,65,100,0.49
468,Cam Ranh,VN,2021-10-05 19:56:04,11.9214,109.1591,76.96,88,75,4.61
469,Alofi,NU,2021-10-05 19:54:31,-19.0595,-169.9187,76.89,83,100,9.22
470,Comodoro Rivadavia,AR,2021-10-05 19:56:05,-45.8667,-67.5,49.86,40,0,19.57
471,Darhan,MN,2021-10-05 19:56:05,49.4867,105.9228,44.26,59,100,1.66
472,Santa Cruz Cabralia,BR,2021-10-05 19:56:06,-16.2781,-39.0247,80.83,69,20,17.27
473,Bowen,AU,2021-10-05 19:56:06,-20.0167,148.2333,68.22,92,76,6.73
474,Chokwe,MZ,2021-10-05 19:56:06,-24.5333,32.9833,72.34,78,100,6.69
475,Iglesias,IT,2021-10-05 19:56:07,39.3114,8.535,66.79,74,51,3.94
476,Meulaboh,ID,2021-10-05 19:56:07,4.1363,96.1285,76.06,87,100,3.36
477,Praia Da Vitoria,PT,2021-10-05 19:54:01,38.7333,-27.0667,75.45,78,20,9.71
478,Bilma,NE,2021-10-05 19:56:07,18.6853,12.9164,86.31,15,1,8.23
479,Benalla,AU,2021-10-05 19:56:08,-36.55,145.9833,41.86,89,1,3.62
480,Nadadores,MX,2021-10-05 19:56:08,27.05,-101.6,87.64,29,0,9.33
481,Yazman,PK,2021-10-05 19:56:08,29.1212,71.7446,89.06,45,1,6.26
482,Charyshskoye,RU,2021-10-05 19:56:09,51.3978,83.5598,33.48,96,100,2.98
483,Martapura,ID,2021-10-05 19:56:09,-3.4167,114.85,75.29,100,100,2.3
484,Floro,NO,2021-10-05 19:56:09,61.5996,5.0328,52.97,87,90,6.91
485,Sorland,NO,2021-10-05 19:56:10,67.667,12.6934,51.1,86,23,28.12
486,Natal,BR,2021-10-05 19:54:05,-5.795,-35.2094,84.85,65,20,14.97
487,Mullingar,IE,2021-10-05 19:56:10,53.5333,-7.35,48.92,93,93,8.9
488,Powell River,CA,2021-10-05 19:56:10,49.8496,-124.5361,53.08,100,90,3.44
489,Merida,MX,2021-10-05 19:53:54,20.9667,-89.6167,93.02,53,82,4.0
490,Tomatlan,MX,2021-10-05 19:56:11,19.9333,-105.25,89.53,63,28,7.47
491,Tiznit,MA,2021-10-05 19:56:11,29.5833,-9.5,73.85,46,94,0.81
492,Vytegra,RU,2021-10-05 19:56:11,61.0064,36.4481,46.27,76,100,11.5
493,Ambilobe,MG,2021-10-05 19:56:12,-13.2,49.05,73.04,78,94,2.82
494,Marysville,US,2021-10-05 19:56:12,48.0518,-122.1771,58.96,89,90,5.01
495,Setermoen,NO,2021-10-05 19:56:12,68.861,18.3486,53.44,80,82,11.27
496,Kara,TG,2021-10-05 19:56:13,9.5511,1.1861,80.26,76,99,1.88
497,Rio Gallegos,AR,2021-10-05 19:51:36,-51.6226,-69.2181,53.65,24,0,14.97
498,Emba,KZ,2021-10-05 19:56:14,48.8264,58.1442,34.59,47,16,7.76
499,Dokka,NO,2021-10-05 19:56:14,60.84,10.0618,52.99,98,100,1.9
500,Parthenay,FR,2021-10-05 19:56:15,46.6667,-0.4167,53.49,81,5,10.69
501,Khash,IR,2021-10-05 19:56:15,28.2211,61.2158,65.39,17,5,4.41
502,Ust-Nera,RU,2021-10-05 19:56:15,64.5667,143.2,19.85,96,85,5.44
503,Korcula,HR,2021-10-05 19:56:16,42.9622,17.1369,66.76,78,100,22.01
504,Okha,RU,2021-10-05 19:56:17,53.5739,142.9478,42.03,69,99,11.03
505,Ginir,ET,2021-10-05 19:56:17,7.1333,40.7,58.73,79,17,4.7
506,Kaihua,CN,2021-10-05 19:56:18,23.3687,104.28,61.0,95,6,1.7
507,Saint-Joseph,RE,2021-10-05 19:56:18,-21.3667,55.6167,68.38,84,12,4.34
508,Traverse City,US,2021-10-05 19:56:19,44.7631,-85.6206,74.73,73,0,5.19
509,Caronport,CA,2021-10-05 19:56:20,50.4501,-105.8179,73.6,13,41,11.05
510,Rognan,NO,2021-10-05 19:56:20,67.0953,15.3878,54.75,70,85,10.04
511,De Aar,ZA,2021-10-05 19:56:21,-30.6497,24.0123,59.34,16,6,6.87
512,Naron,ES,2021-10-05 19:56:21,43.5167,-8.1528,63.01,88,100,3.44
513,Loreto,MX,2021-10-05 19:56:21,22.2667,-101.9667,70.18,52,94,9.71
514,Hokitika,NZ,2021-10-05 19:56:22,-42.7167,170.9667,53.33,86,100,5.66
515,Engenheiro Beltrao,BR,2021-10-05 19:56:22,-23.7972,-52.2692,83.5,61,29,0.47
516,Gualeguay,AR,2021-10-05 19:56:22,-33.1416,-59.3097,71.24,42,0,8.81
517,Yangambi,CD,2021-10-05 19:56:23,0.8102,24.4336,70.52,96,84,1.97
518,Yashkul,RU,2021-10-05 19:56:23,46.1711,45.3435,46.56,53,36,16.84
519,Guerrero Negro,MX,2021-10-05 19:54:05,27.9769,-114.0611,78.62,59,2,17.31
520,Bodrum,TR,2021-10-05 19:56:23,37.0383,27.4292,73.33,49,0,10.8
521,Pochutla,MX,2021-10-05 19:56:24,15.7432,-96.4661,93.02,59,28,7.43
522,Kanungu,UG,2021-10-05 19:56:24,-0.9575,29.7897,62.42,93,87,3.6
523,Biak,ID,2021-10-05 19:56:24,-0.9131,122.8766,75.52,75,100,2.53
524,Lunenburg,CA,2021-10-05 19:54:23,44.3835,-64.3155,67.48,58,95,8.05
525,Tilichiki,RU,2021-10-05 19:56:25,60.4667,166.1,28.42,79,100,12.17
526,Beni,CD,2021-10-05 19:56:25,0.5,29.4667,61.92,99,84,1.7
527,Lunca De Sus,RO,2021-10-05 19:56:26,46.5333,25.9667,39.27,68,4,4.16
528,Staryy Nadym,RU,2021-10-05 19:56:26,65.6118,72.6842,37.89,89,100,9.33
529,Lavrentiya,RU,2021-10-05 19:56:26,65.5833,-171.0,36.23,99,100,7.16
530,Bonavista,CA,2021-10-05 19:56:27,48.6499,-53.1147,49.12,72,100,27.89
531,Chicama,PE,2021-10-05 19:56:27,-7.8447,-79.1469,63.14,60,29,11.56
532,Kisangani,CD,2021-10-05 19:56:27,0.5167,25.2,69.66,99,59,2.64
533,Kodinsk,RU,2021-10-05 19:56:28,58.6881,99.1844,25.23,92,12,1.88
534,Savyntsi,UA,2021-10-05 19:56:28,49.4026,37.0627,50.13,65,98,12.66
535,Veraval,IN,2021-10-05 19:56:28,20.9,70.3667,81.0,82,86,8.7
536,Pathein,MM,2021-10-05 19:56:29,16.7833,94.7333,76.86,92,4,3.71
537,Adrar,MR,2021-10-05 19:56:29,20.5022,-10.0711,93.33,10,1,6.2
